{
  "Frishman Street 39, Tel Aviv-Yafo, Tel Aviv, Israel": [
    32.0798131,
    34.773688
  ],
  "9 Rothschild Boulevard, Tel Aviv-Yafo, Tel Aviv, Israel": [
    32.0631561,
    34.77019370000001
  ],
  "Nahalat Binyamin Street 25, Tel Aviv-Yafo, Tel Aviv, Israel": [
    32.0668411,
    34.7703634
  ],
  "20 Nahalat Binyamin Street, Tel Aviv-Yafo, Tel Aviv, Israel": [
    32.066881,
    34.7701819
  ],
  "Ben Tsiyon Blvd 2, Tel Aviv-Yafo, Tel Aviv, Israel": [
    32.0737133,
    34.7754488
  ],
  "58 Yehuda ha-Levi Street, Tel Aviv-Yafo, Tel Aviv, Israel": [
    32.0655858,
    34.7785458
  ],
  "12 Marmorek Street, Tel Aviv-Yafo, Tel Aviv, Israel": [
    32.0714079,
    34.7801548
  ],
  "Herzl Street 16, Tel Aviv-Yafo, Tel Aviv, Israel": [
    32.0618845,
    34.7701447
  ],
  "18 Nahalat Binyamin Street, Tel Aviv-Yafo, Tel Aviv, Israel": [
    32.0673258,
    34.7700946
  ],
  "58 Shabazi Street, Tel Aviv-Yafo, Tel Aviv, Israel": [
    32.0632632,
    34.7678922
  ],
  "Shlomo HaMelekh Street 38, Tel Aviv-Yafo, Tel Aviv, Israel": [
    32.0794463,
    34.7771433
  ],
  "83 Dizengoff Street, Tel Aviv-Yafo, Tel Aviv, Israel": [
    32.0771645,
    34.7742624
  ],
  "4 Malkhi Yisrael Street, Tel Aviv-Yafo, Tel Aviv, Israel": [
    32.0793054,
    34.7805799
  ],
  "4 HaCarmel Street, Tel Aviv-Yafo, Tel Aviv, Israel": [
    32.0658032,
    34.7655732
  ],
  "3 Nahalat Binyamin Street, Tel Aviv-Yafo, Tel Aviv, Israel": [
    32.0690851,
    34.7702804
  ],
  "Tchernikhovski St 4, Tel Aviv-Yafo, Tel Aviv, Israel": [
    32.0709795,
    34.7704805
  ],
  "Nahalat Binyamin 44, Tel Aviv-Yafo, Tel Aviv, Israel": [
    32.0642676,
    34.77117399999999
  ],
  "Lincoln St 11, Tel Aviv-Yafo, Tel Aviv, Israel": [
    32.06692,
    34.7820438
  ],
  "20 Shlomo Ibn Gabirol Street, Tel Aviv-Yafo, Tel Aviv, Israel": [
    32.0737425,
    34.7820813
  ],
  "Har Sinai 1, Tel Aviv-Yafo, Tel Aviv, Israel": [
    32.064582,
    34.7718053
  ],
  "Montefiore 15, Tel Aviv-Yafo, Tel Aviv, Israel": [
    32.0649764,
    34.7706977
  ],
  "45 Nahalat Binyamin Street, Tel Aviv-Yafo, Tel Aviv, Israel": [
    32.0650738,
    34.7710309
  ],
  "2 Hamaccabi St, Tel Aviv-Yafo, Tel Aviv, Israel": [
    32.0714662,
    34.771541
  ],
  "Eliezer Kaplan Street 36, Tel Aviv-Yafo, Tel Aviv, Israel": [
    32.0730972,
    34.78823089999999
  ],
  "142 Rothschild Boulevard, Tel Aviv-Yafo, Tel Aviv, Israel": [
    32.0716458,
    34.7794545
  ],
  "HaYarkon 115, Tel Aviv-Yafo, Tel Aviv, Israel": [
    32.0813071,
    34.7680648
  ],
  "10 Eliezer Peri Street, Tel Aviv-Yafo, Tel Aviv, Israel": [
    32.0865166,
    34.7695971
  ],
  "43 Nahalat Binyamin Street, Tel Aviv-Yafo, Tel Aviv, Israel": [
    32.0653361,
    34.7709383
  ],
  "43 Ahad Ha'Am Street, Tel Aviv-Yafo, Tel Aviv, Israel": [
    32.065574,
    34.7756862
  ],
  "Shabazi St 46, Tel Aviv-Yafo, Tel Aviv, Israel": [
    32.0628404,
    34.7670765
  ],
  "24 Lilienblum Street, Tel Aviv-Yafo, Tel Aviv, Israel": [
    32.0621129,
    34.7700262
  ],
  "Shuster Center, Tel Aviv-Yafo, Tel Aviv, Israel": [
    32.1254582,
    34.8022226
  ],
  "Marmorek Street 16, Tel Aviv-Yafo, Tel Aviv, Israel": [
    32.0713703,
    34.7803582
  ],
  "5 Malkhi Yisrael Street, Tel Aviv-Yafo, Tel Aviv, Israel": [
    32.0799659,
    34.77974760000001
  ],
  "36 Nahalat Binyamin Street, Tel Aviv-Yafo, Tel Aviv, Israel": [
    32.0650841,
    34.7708837
  ],
  "Mikve Yisrael Street 8, Tel Aviv-Yafo, Tel Aviv, Israel": [
    32.0621851,
    34.7745888
  ],
  "105 King George Street, Tel Aviv-Yafo, Tel Aviv, Israel": [
    32.0778594,
    34.77794069999999
  ],
  "21 Derech Menachem Begin, Tel Aviv-Yafo, Tel Aviv, Israel": [
    32.0636296,
    34.7794111
  ],
  "8 Eliezer Kaplan Street, Tel Aviv-Yafo, Tel Aviv, Israel": [
    32.0732867,
    34.7830189
  ],
  "HaShomer 4, Tel Aviv-Yafo, Tel Aviv, Israel": [
    32.0685432,
    34.7692996
  ],
  "Lilienblum 46, Tel Aviv-Yafo, Tel Aviv, Israel": [
    32.0623506,
    34.772611
  ],
  "27 Simtat HaCarmel, Tel Aviv-Yafo, Tel Aviv, Israel": [
    32.0680631,
    34.7671193
  ],
  "40 Sderot Ben Gurion, Tel Aviv-Yafo, Tel Aviv, Israel": [
    32.0842738,
    34.7741262
  ],
  "Hangar 12, Tel Aviv Port, Tel Aviv-Yafo, Tel Aviv, Israel": [
    32.096203,
    34.773158
  ],
  "22 Yirmiyahu Street, Tel Aviv-Yafo, Tel Aviv, Israel": [
    32.0945682,
    34.7755131
  ],
  "Abarbanel Street 72, Tel Aviv-Yafo, Tel Aviv, Israel": [
    32.0557031,
    34.7667425
  ],
  "TO BE SEARCHED: Monica Lewinsky, Tel Aviv, Israel": [
    32.0852999,
    34.78176759999999
  ],
  "Bat Ami 7, Tel Aviv-Yafo, Tel Aviv, Israel": [
    32.0553491,
    34.7599749
  ],
  "14 HaTsorfim Street, Tel Aviv-Yafo, Tel Aviv, Israel": [
    32.0536035,
    34.7537596
  ],
  "Chayim Vital St 2, Tel Aviv-Yafo, Tel Aviv, Israel": [
    32.0566575,
    34.7678119
  ],
  "Nehama Street 1, Tel Aviv-Yafo, Tel Aviv, Israel": [
    32.05601,
    34.760185
  ],
  "HaRav Yizkhak Yedidya Frenkel 9, Tel Aviv-Yafo, Tel Aviv, Israel": [
    32.0571964,
    34.76779
  ],
  "11 Levontin Street, Tel Aviv-Yafo, Tel Aviv, Israel": [
    32.061834,
    34.7750607
  ],
  "Yehuda ha-Levi St 12, Tel Aviv-Yafo, Tel Aviv, Israel": [
    32.0613337,
    34.7690004
  ],
  "49 Shabazi Street, Tel Aviv-Yafo, Tel Aviv, Israel": [
    32.0629794,
    34.7670592
  ],
  "TO BE SEARCHED: Salud, Tel Aviv, Israel": [
    32.0561727,
    34.769463
  ],
  "4 Rabi Pinkhas Street, Tel Aviv-Yafo, Tel Aviv, Israel": [
    32.0529766,
    34.7545197
  ],
  "12 HaRakevet Street, Tel Aviv-Yafo, Tel Aviv, Israel": [
    32.0634552,
    34.7769812
  ],
  "92 Dizengoff Street, Tel Aviv-Yafo, Tel Aviv, Israel": [
    32.0773002,
    34.7744971
  ],
  "Hashuk Street 28, Tel Aviv-Yafo, Tel Aviv, Israel": [
    32.059,
    34.77156799999999
  ],
  "3 No'am Street, Tel Aviv-Yafo, Tel Aviv, Israel": [
    32.0518894,
    34.7575296
  ],
  "Jaffa Road 9, Tel Aviv-Yafo, Tel Aviv, Israel": [
    32.06052510000001,
    34.7693489
  ],
  "41 Frishman Street, Tel Aviv-Yafo, Tel Aviv, Israel": [
    32.0799083,
    34.774082
  ],
  "6 Tankhum Street, Tel Aviv-Yafo, Tel Aviv, Israel": [
    32.0531323,
    34.7550833
  ],
  "4-6 Auerbach Street, Tel Aviv-Yafo, Tel Aviv, Israel": [
    32.0570132,
    34.7624174
  ],
  "Ami'ad 10, Tel Aviv-Yafo, Tel Aviv, Israel": [
    32.0534073,
    34.7553647
  ],
  "Beit Alpha 17, Tel Aviv-Yafo, Tel Aviv, Israel": [
    32.0654614,
    34.789784
  ],
  "Ben Tsiyon Boulevard 1, Tel Aviv-Yafo, Tel Aviv, Israel": [
    32.0742989,
    34.7758923
  ],
  "Dizengoff 245, Tel Aviv-Yafo, Tel Aviv, Israel": [
    32.0921593,
    34.7760428
  ],
  "Dizengoff Street 166, Tel Aviv-Yafo, Tel Aviv, Israel": [
    32.0847043,
    34.7745327
  ],
  "58 Arlozorov St, Tel Aviv-Yafo, Tel Aviv, Israel": [
    32.0863693,
    34.7768011
  ],
  "Lilienblum Street 40, Tel Aviv-Yafo, Tel Aviv, Israel": [
    32.062252,
    34.771919
  ],
  "19 Malkhei Yisrael Street, Tel Aviv-Yafo, Tel Aviv, Israel": [
    32.0812237,
    34.7797163
  ],
  "Sderot Ben Gurion 39, Tel Aviv-Yafo, Tel Aviv, Israel": [
    32.0847868,
    34.7737657
  ],
  "Dizengoff Street 196, Tel Aviv-Yafo, Tel Aviv, Israel": [
    32.0862053,
    34.7749406
  ],
  "Dizengoff Street 197, Tel Aviv-Yafo, Tel Aviv, Israel": [
    32.0870692,
    34.7748155
  ],
  "Dizengoff Square 3, Tel Aviv-Yafo, Tel Aviv, Israel": [
    32.0776963,
    34.7744382
  ],
  "Ahad Ha'Am 1, Tel Aviv-Yafo, Tel Aviv, Israel": [
    32.0632285,
    34.7680943
  ],
  "6 Nakhman Street, Tel Aviv-Yafo, Tel Aviv, Israel": [
    32.0523759,
    34.7558058
  ],
  "Nakhman Street 2, Tel Aviv-Yafo, Tel Aviv, Israel": [
    32.0532225,
    34.7559527
  ],
  "9 Derech Jaffa, Tel Aviv-Yafo, Tel Aviv, Israel": [
    32.06052510000001,
    34.7693489
  ],
  "9 Ein Ganim Street, Tel Aviv-Yafo, Tel Aviv, Israel": [
    32.063095,
    34.76850350000001
  ],
  "Ha-Mashbir 2, Tel Aviv-Yafo, Tel Aviv, Israel": [
    32.0604735,
    34.7709527
  ],